[{"pk": 1, "model": "catalogue.etat", "fields": {"nom": "brouillon", "nom_pluriel": "", "slug": "brouillon", "owner": null, "message": "", "public": false}}, {"pk": 2, "model": "catalogue.etat", "fields": {"nom": "nouveau", "nom_pluriel": "nouveaux", "slug": "nouveau", "owner": null, "message": "", "public": true}}, {"pk": 3, "model": "catalogue.naturedelieu", "fields": {"owner": null, "nom": "institution", "referent": false, "slug": "institution", "nom_pluriel": ""}}, {"pk": 4, "model": "catalogue.naturedelieu", "fields": {"owner": null, "nom": "salle", "referent": false, "slug": "salle", "nom_pluriel": ""}}, {"pk": 2, "model": "catalogue.naturedelieu", "fields": {"owner": 1, "nom": "th\u00e9\u00e2tre", "referent": false, "slug": "theatre", "nom_pluriel": ""}}, {"pk": 1, "model": "catalogue.naturedelieu", "fields": {"owner": 1, "nom": "ville", "referent": true, "slug": "ville", "nom_pluriel": ""}}, {"pk": 3, "model": "catalogue.lieu", "fields": {"etat": null, "nom": "Paris", "documents": [], "historique": "", "parent": null, "nature": 1, "notes": "", "level": 0, "lft": 1, "tree_id": 1, "owner": null, "illustrations": [], "rght": 4, "slug": "paris"}}, {"pk": 4, "model": "catalogue.lieu", "fields": {"etat": null, "nom": "Op\u00e9ra-comique", "documents": [], "historique": "", "parent": 3, "nature": 3, "notes": "", "level": 1, "lft": 2, "tree_id": 1, "owner": null, "illustrations": [], "rght": 3, "slug": "opera-comique"}}, {"pk": 1, "model": "catalogue.lieu", "fields": {"etat": null, "nom": "Rouen", "documents": [], "historique": "", "parent": null, "nature": 1, "notes": "", "level": 0, "lft": 1, "tree_id": 2, "owner": 1, "illustrations": [], "rght": 4, "slug": "rouen"}}, {"pk": 2, "model": "catalogue.lieu", "fields": {"etat": null, "nom": "Th\u00e9\u00e2tre des Arts", "documents": [], "historique": "", "parent": 1, "nature": 2, "notes": "", "level": 1, "lft": 2, "tree_id": 2, "owner": 1, "illustrations": [], "rght": 3, "slug": "theatre-des-arts"}}, {"pk": 1, "model": "catalogue.saison", "fields": {"owner": null, "debut": "2011-09-01", "fin": "2012-08-31", "lieu": 2}}, {"pk": 1, "model": "catalogue.ancragespatiotemporel", "fields": {"lieu_approx": "", "heure_approx": "", "date": "2012-12-06", "date_approx": "", "lieu": 2, "owner": 1, "heure": null}}, {"pk": 2, "model": "catalogue.prenom", "fields": {"owner": null, "favori": true, "classement": 1.0, "prenom": "\u00c9dith"}}, {"pk": 3, "model": "catalogue.prenom", "fields": {"owner": null, "favori": false, "classement": 2.0, "prenom": "Giovanna"}}, {"pk": 1, "model": "catalogue.prenom", "fields": {"owner": null, "favori": true, "classement": 1.0, "prenom": "Jean-Baptiste"}}, {"pk": 2, "model": "catalogue.individu", "fields": {"etat": null, "nom": "Gassion", "particule_nom": "", "designation": "S", "ancrage_approx": null, "professions": [], "notes": "", "particule_nom_naissance": "", "parentes": [], "pseudonyme": "La M\u00f4me Piaf", "nom_naissance": "", "illustrations": [], "documents": [], "prenoms": [2, 3], "ancrage_deces": null, "owner": null, "titre": "F", "biographie": "", "ancrage_naissance": null, "slug": "gassion"}}, {"pk": 1, "model": "catalogue.individu", "fields": {"etat": null, "nom": "Poquelin", "particule_nom": "", "designation": "P", "ancrage_approx": null, "professions": [], "notes": "", "particule_nom_naissance": "", "parentes": [], "pseudonyme": "Moli\u00e8re", "nom_naissance": "", "illustrations": [], "documents": [], "prenoms": [1], "ancrage_deces": null, "owner": null, "titre": "", "biographie": "", "ancrage_naissance": null, "slug": "poquelin"}}, {"pk": 2, "model": "catalogue.profession", "fields": {"nom": "\u00e9colier", "parente": null, "nom_feminin": "", "nom_pluriel": "", "owner": 1, "slug": "ecolier"}}, {"pk": 1, "model": "catalogue.profession", "fields": {"nom": "professeur", "parente": null, "nom_feminin": "", "nom_pluriel": "", "owner": 1, "slug": "professeur"}}, {"pk": 5, "model": "catalogue.genredoeuvre", "fields": {"owner": null, "nom": "com\u00e9die", "parents": [], "slug": "comedie", "nom_pluriel": ""}}, {"pk": 1, "model": "catalogue.genredoeuvre", "fields": {"owner": 1, "nom": "m\u00e9lodrame", "parents": [], "slug": "melodrame", "nom_pluriel": ""}}, {"pk": 2, "model": "catalogue.genredoeuvre", "fields": {"owner": null, "nom": "op\u00e9ra", "parents": [], "slug": "opera", "nom_pluriel": ""}}, {"pk": 3, "model": "catalogue.genredoeuvre", "fields": {"owner": null, "nom": "sonate", "parents": [], "slug": "sonate", "nom_pluriel": ""}}, {"pk": 4, "model": "catalogue.genredoeuvre", "fields": {"owner": null, "nom": "symphonie", "parents": [], "slug": "symphonie", "nom_pluriel": ""}}, {"pk": 1, "model": "catalogue.typedecaracteristiquedoeuvre", "fields": {"owner": null, "nom": "num\u00e9ro", "classement": 1.0, "nom_pluriel": ""}}, {"pk": 3, "model": "catalogue.typedecaracteristiquedoeuvre", "fields": {"owner": null, "nom": "d\u00e9coupage", "classement": 1.0, "nom_pluriel": ""}}, {"pk": 2, "model": "catalogue.typedecaracteristiquedoeuvre", "fields": {"owner": null, "nom": "opus", "classement": 2.0, "nom_pluriel": ""}}, {"pk": 1, "model": "catalogue.caracteristiquedoeuvre", "fields": {"owner": null, "classement": 1.0, "type": 1, "valeur": "n\u00b0\u00a05"}}, {"pk": 3, "model": "catalogue.caracteristiquedoeuvre", "fields": {"owner": null, "classement": 1.0, "type": 3, "valeur": "en cinq actes et en vers"}}, {"pk": 2, "model": "catalogue.caracteristiquedoeuvre", "fields": {"owner": null, "classement": 1.0, "type": 2, "valeur": "op.\u00a0107"}}, {"pk": 2, "model": "catalogue.partie", "fields": {"nom": "enfant chouineur", "parente": null, "classement": 1.0, "nom_pluriel": "enfants chouineurs", "professions": [2], "owner": 1, "slug": "enfant-chouineur"}}, {"pk": 1, "model": "catalogue.partie", "fields": {"nom": "pervers", "parente": null, "classement": 1.0, "nom_pluriel": "pervers", "professions": [1], "owner": 1, "slug": "pervers"}}, {"pk": 3, "model": "catalogue.partie", "fields": {"nom": "violon", "parente": null, "classement": 1.0, "nom_pluriel": "", "professions": [], "owner": null, "slug": "violon"}}, {"pk": 4, "model": "catalogue.partie", "fields": {"nom": "voix", "parente": null, "classement": 1.0, "nom_pluriel": "voix", "professions": [], "owner": null, "slug": "voix"}}, {"pk": 2, "model": "catalogue.pupitre", "fields": {"owner": 1, "quantite_max": 15, "quantite_min": 3, "partie": 2}}, {"pk": 1, "model": "catalogue.pupitre", "fields": {"owner": 1, "quantite_max": 1, "quantite_min": 1, "partie": 1}}, {"pk": 3, "model": "catalogue.pupitre", "fields": {"owner": null, "quantite_max": 2, "quantite_min": 2, "partie": 3}}, {"pk": 5, "model": "catalogue.pupitre", "fields": {"owner": null, "quantite_max": 1, "quantite_min": 1, "partie": 3}}, {"pk": 4, "model": "catalogue.pupitre", "fields": {"owner": null, "quantite_max": 8, "quantite_min": 4, "partie": 4}}, {"pk": 5, "model": "catalogue.oeuvre", "fields": {"etat": null, "documents": [], "description": "", "caracteristiques": [], "notes": "", "prefixe_titre_secondaire": "", "pupitres": [5], "prefixe_titre": "", "genre": 3, "lilypond": "", "ancrage_creation": null, "titre_secondaire": "", "owner": null, "titre": "", "illustrations": [], "coordination": "", "slug": "sonate"}}, {"pk": 6, "model": "catalogue.oeuvre", "fields": {"etat": null, "documents": [], "description": "", "caracteristiques": [1, 2], "notes": "", "prefixe_titre_secondaire": "", "pupitres": [], "prefixe_titre": "", "genre": 4, "lilypond": "", "ancrage_creation": null, "titre_secondaire": "", "owner": null, "titre": "", "illustrations": [], "coordination": "", "slug": "symphonie"}}, {"pk": 3, "model": "catalogue.oeuvre", "fields": {"etat": null, "documents": [], "description": "", "caracteristiques": [], "notes": "", "prefixe_titre_secondaire": "", "pupitres": [], "prefixe_titre": "", "genre": null, "lilypond": "", "ancrage_creation": null, "titre_secondaire": "l\u2019essai infructeux", "owner": null, "titre": "", "illustrations": [], "coordination": "", "slug": "lessai-infructeux"}}, {"pk": 2, "model": "catalogue.oeuvre", "fields": {"etat": null, "documents": [], "description": "", "caracteristiques": [], "notes": "", "prefixe_titre_secondaire": "Le ", "pupitres": [], "prefixe_titre": "L\u2019", "genre": null, "lilypond": "", "ancrage_creation": null, "titre_secondaire": "Saint Nicolas vengeur", "owner": 1, "titre": "arriv\u00e9e du p\u00e8re No\u00ebl", "illustrations": [], "coordination": ", ou ", "slug": "larrivee-du-pere-noel-ou-le-saint-nicolas-vengeur"}}, {"pk": 4, "model": "catalogue.oeuvre", "fields": {"etat": null, "documents": [], "description": "", "caracteristiques": [], "notes": "", "prefixe_titre_secondaire": "", "pupitres": [3, 4], "prefixe_titre": "", "genre": 2, "lilypond": "", "ancrage_creation": null, "titre_secondaire": "", "owner": null, "titre": "Carmen", "illustrations": [], "coordination": "", "slug": "carmen"}}, {"pk": 1, "model": "catalogue.oeuvre", "fields": {"etat": null, "documents": [], "description": "", "caracteristiques": [], "notes": "", "prefixe_titre_secondaire": "la ", "pupitres": [2, 1], "prefixe_titre": "", "genre": 1, "lilypond": "", "ancrage_creation": null, "titre_secondaire": "correction m\u00e9rit\u00e9e", "owner": 1, "titre": "Le p\u00e8re Fouettard", "illustrations": [], "coordination": ", ou ", "slug": "le-pere-fouettard-ou-la-correction-meritee"}}, {"pk": 7, "model": "catalogue.oeuvre", "fields": {"etat": null, "documents": [], "description": "", "caracteristiques": [3], "notes": "", "prefixe_titre_secondaire": "l\u2019", "pupitres": [], "prefixe_titre": "Le ", "genre": 5, "lilypond": "", "ancrage_creation": null, "titre_secondaire": "Imposteur", "owner": null, "titre": "Tartuffe", "illustrations": [], "coordination": ", ou ", "slug": "le-tartuffe-ou-limposteur"}}, {"pk": 1, "model": "catalogue.caracteristiquedelementdeprogramme", "fields": {"owner": 1, "nom": "premi\u00e8re repr\u00e9sentation", "classement": 1.0, "nom_pluriel": ""}}, {"pk": 1, "model": "catalogue.elementdeprogramme", "fields": {"etat": null, "oeuvre": null, "documents": [], "notes": "", "evenement": 1, "autre": "\u00ab\u00a0Avez-vous \u00e9t\u00e9 bien sages les enfants\u00a0?\u00a0\u00bb", "illustrations": [], "personnels": [], "owner": 1, "position": 0, "distribution": [], "caracteristiques": []}}, {"pk": 2, "model": "catalogue.elementdeprogramme", "fields": {"etat": null, "oeuvre": 1, "documents": [], "notes": "", "evenement": 1, "autre": "", "illustrations": [], "personnels": [], "owner": 1, "position": 1, "distribution": [], "caracteristiques": [1]}}, {"pk": 4, "model": "catalogue.elementdeprogramme", "fields": {"etat": null, "oeuvre": null, "documents": [], "notes": "", "evenement": 1, "autre": "Distribution de tatan\u00e9es", "illustrations": [], "personnels": [], "owner": 1, "position": 2, "distribution": [], "caracteristiques": []}}, {"pk": 3, "model": "catalogue.elementdeprogramme", "fields": {"etat": null, "oeuvre": 2, "documents": [], "notes": "", "evenement": 1, "autre": "", "illustrations": [], "personnels": [], "owner": 1, "position": 3, "distribution": [], "caracteristiques": []}}, {"pk": 5, "model": "catalogue.elementdeprogramme", "fields": {"etat": null, "oeuvre": null, "documents": [], "notes": "", "evenement": 1, "autre": "Distribution de pains d\u2019\u00e9pices", "illustrations": [], "personnels": [], "owner": 1, "position": 4, "distribution": [], "caracteristiques": []}}, {"pk": 1, "model": "catalogue.evenement", "fields": {"etat": null, "documents": [], "ancrage_fin": null, "notes": "", "relache": false, "ancrage_debut": 1, "illustrations": [], "owner": 1, "circonstance": "Saint-Nicolas"}}, {"pk": 1, "model": "catalogue.typedesource", "fields": {"owner": null, "nom": "compte rendu", "slug": "compte-rendu", "nom_pluriel": "comptes rendus"}}, {"pk": 1, "model": "catalogue.source", "fields": {"etat": null, "nom": "Journal de Rouen", "documents": [], "contenu": "", "notes": "", "numero": "", "date": "1828-01-15", "evenements": [], "owner": null, "illustrations": [], "type": 1, "page": ""}}]